{
  "RMSE": 0.5034218492503684,
  "MAE": 0.32660672448320444,
  "R2": 0.8065996475063295
}